CourseID,CourseNumber,CourseTitle,TitleShortDescription,MinCredit,MaxCredit
1,B403,17th Century Literature,17th Century Literature,3,NULL
2,B410,18th Century Literature,18th Century Literature,3,NULL
3,B103,2-Dimensional Design,2-Dimensional Design,3,NULL
4,B104,3-Dimensional Design,3-Dimensional Design,3,NULL
5,B312,Abnormal Behavior in Children,Abnormal Behavior in Children,3,NULL
6,B311,Abnormal Psychology,Abnormal Psychology,3,NULL
7,B410,Abstract Algebra I,Abstract Algebra I,3,NULL
8,B411,Abstract Algebra II,Abstract Algebra II,3,NULL
9,B345,Accounting Information Systems,Accounting Information Systems,3,NULL
10,B632,Action Research for Lit Edu,Action Research for Lit Edu,3,NULL
11,B645,Action Research for Literacy,Action Research for Literacy,3,NULL
12,B432,Adolescent Literature & Devel,Adolescent Literature & Devel,3,NULL
13,B326,Adult Health Nursing I,Care of Adults with Acute & Ch,3,NULL
14,B425,Adult Health Nursing II,Care of High Acuity Adults/Eld,3,NULL
15,B302,Adv Composition and Grammar,Adv Composition and Grammar,3,NULL
16,B301,Adv Conversation and Grammar,Adv Conversation and Grammar,3,NULL
17,B417,Adv Span for Bus and Professns,Adv Span for Bus and Professns,3,NULL
18,B437,Advanced Accounting,Advanced Accounting,3,NULL
19,B420,Advanced Ceramics,Advanced Ceramics,3,NULL
20,B485,Advanced Club Management,Advanced Club Management,3,NULL
21,B302,Advanced Comp and Grammar,Advanced Comp and Grammar,3,NULL
22,B465,Advanced Digital Photography,Advanced Digital Photography,3,NULL
23,B395,Advanced Directed Studies Biol,Advanced Directed Studies Biol,1,4
24,B370,Advanced Drawing,Advanced Drawing,3,NULL
25,B431,Advanced Drawing II,Advanced Drawing II,3,NULL
26,B635,Advanced Educational Psych,Advanced Educational Psych,3,NULL
27,B498,Advanced Independent Study,Advanced Independent Study,1,6
28,B412,Advanced Painting,Advanced Painting,3,NULL
29,B417,Advanced Printmaking,Advanced Printmaking,3,NULL
30,B494,Advanced Research Methods Psyc,Advanced Research Methods Psyc,3,NULL
31,B427,Advanced Sculpture,Advanced Sculpture,3,NULL
32,B501,Advanced Statistical Methods,Advanced Statistical Methods,3,NULL
33,B520,Advanced Topics Database Sys,Advanced Topics Database Sys,3,NULL
34,B460,Advanced Writing,Professional Writing Workshop,3,NULL
35,B107,Aerobic Fitness,Aerobic Fitness,1,NULL
36,B352,Africa from 1880,Africa from 1880,3,NULL
37,B428,African-American Literature,African-American Literature,3,NULL
38,B309,Age of Renaissance,Age of Renaissance,3,NULL
39,B310,Age of the Reformation,Age of the Reformation,3,NULL
40,B146,Algorithmic Design II,Object-Oriented Programming II,4,NULL
41,B469,American Legal History,American Legal History,3,NULL
42,B287,American Literature,American Literatures,3,NULL
43,B421,American Literature 1830-1860,American Literature 1830-1860,3,NULL
44,B422,American Literature 1860-1910,American Literature 1860-1910,3,NULL
45,B287,American Literatures,American Literatures,3,NULL
46,B468,American Military Experience,American Military Experience,3,NULL
47,B201,American National Government,American National Government,3,NULL
48,B450,Analysis I,Analysis I,3,NULL
49,B451,Analysis II,Analysis II,3,NULL
50,B232,Anatomy,Anatomy,4,NULL
51,B352,Anth of Magic and Religion,Anth of Magic and Religion,3,NULL
52,B344,Anthropology of Tourism,Anthropology of Tourism,3,NULL
53,B212,Applied Psychology,Applied Psychology,3,NULL
54,B314,Applied Sociology,Applied Sociology,3,NULL
55,B325,Argumentation and Debate,Advocacy and Opposition,3,NULL
56,B330,Arts in Elementary Education,Arts in Elementary Education,3,NULL
57,B303,Asian Theaters,Asian Theaters,3,NULL
58,B624,Assessment & Instructional,Assessment & Instructional,3,NULL
59,B312,Assessment & Physical Exam,Assessment & Physical Exam,3,NULL
60,B425,Assessment Lit for ECE Teacher,Assessment Lit for ECE Teacher,3,NULL
61,B625,Assessment Strategies for Read,Assessment Strategies for Read,3,NULL
62,B485,Auditing,Auditing,3,NULL
63,B431,Bacteriology,Bacteriology,3,NULL
64,B431L,Bacteriology Laboratory,Bacteriology Laboratory,1,NULL
65,B221,Basic Concpt  Elementary Mth I,Basic Concpt  Elementary Mth I,3,NULL
66,B222,Basic Concpt Elementary Mth II,Basic Concpt Elementary Mth II,3,NULL
67,B112,Basic Drawing II,Basic Drawing II,3,NULL
68,B101,Basic Health,Basic Health,3,NULL
69,B112,Basketball,Basketball,1,NULL
70,B101,Beginning French I,Beginning French I,3,NULL
71,B102,Beginning French II,Beginning French II,3,NULL
72,B101,Beginning German,Beginning German,3,NULL
73,B102,Beginning German II,Beginning German II,3,NULL
74,B101,Beginning Spanish I,Beginning Spanish I,3,NULL
75,B102,Beginning Spanish II,Beginning Spanish II,3,NULL
76,B475,Beverages in Food Service Est,Beverages in Food Service Est,3,NULL
77,B351,Beyond the Classroom I,Beyond the Classroom I,3,NULL
78,B111,Biblical History and Literatur,Biblical History and Literatur,3,NULL
79,B312,Bioethics,Bioethics,3,NULL
80,B450,Biological Oceanography,Biological Oceanography,4,NULL
81,B101,Biological Principles I,Biological Principles I,4,NULL
82,B102,Biological Principles II,Biological Principles II,4,NULL
83,B361,Biological Psychology,Biological Psychology,3,NULL
84,B498,Biological Research:An Intro,Biological Research:An Intro,4,NULL
85,B100H,Biology Honors Seminar,Biology Honors Seminar,1,NULL
86,B411,Biology of Marine Organisms,Biology of Marine Organisms,4,NULL
87,B310,Biophysical Pathology,Pathophysiology,3,NULL
88,B415,Black Americans,Black Americans,3,NULL
89,B113,Bowling,Bowling,1,NULL
90,B411,British Romantic Literature,British Romantic Literature,3,NULL
91,B250,Broadcast Design 1,Broadcast Design 1,3,NULL
92,B423,Busi & Prac of Personal Train,Busi & Prac of Personal Train,3,NULL
93,B345,Business Communications,Business Communications,3,NULL
94,B379,Business Ethics,Business Ethics,3,NULL
95,B363,Business Finance,Business Finance,3,NULL
96,B396,Business Research Methods,Business Research Methods,3,NULL
97,B316,Business Spanish,Business Spanish,3,NULL
98,B463,Business Writing,Workplace Writing,3,NULL
99,B122,Calculus for Business Adm SSci,Calculus for Business Adm SSci,3,NULL
100,B141,Calculus I,Calculus I,4,NULL
101,B142,Calculus II,Calculus II,4,NULL
102,B240,Calculus III,Calculus III,4,NULL
103,B650,Capstone: Literacy Coaching,Capstone: Literacy Coaching,3,NULL
104,B441,Capstone: Prof Nurs Project,Capstone: Prof Nurs Project,5,NULL
105,B326,Care of Adults with Acute & Ch,Care of Adults with Acute & Ch,3,NULL
106,B356,Care of Childbearing Families,Care of Childbearing Families,3,NULL
107,B358,Care of Children,Care of Children,3,NULL
108,B425,Care of High Acuity Adults/Eld,Care of High Acuity Adults/Eld,3,NULL
109,B412,Care of Indiv with Mental & Ad,Care of Indiv with Mental & Ad,3,NULL
110,B250,Career and Life Planning,Career and Life Planning,1,NULL
111,B435,Career Prep & Transitions,Career Prep & Transitions,2,NULL
112,B390,Careers in Hospitality/Tourism,Careers in Hospitality/Tourism,1,NULL
113,B372,Catering Management,Catering Management,3,NULL
114,B302L,Cell and Molecular Bio Lab,Cell and Molecular Bio Lab,1,NULL
115,B302,Cell and Molecular Biology,Cell and Molecular Biology,3,NULL
116,B220,Ceramics I,Ceramics I,3,NULL
117,B320,Ceramics II,Ceramics II,3,NULL
118,B321,Ceramics III,Ceramics III,3,NULL
119,B345,Character Design & Look Develo,Character Design & Look Develo,3,NULL
120,B401,Chaucer's Works,Chaucer's Works,3,NULL
121,B109,Chemistry of Living Things,Chemistry of Living Things,4,NULL
122,B358,Children's Health Nursing,Care of Children,3,NULL
123,B320,Chronic Disease & Risk Reducti,Chronic Disease & Risk Reducti,3,NULL
124,B320,Chronic Disease/Risk Reduction,Chronic Disease/Risk Reduction,3,NULL
125,B472,Cinema,Cinema,3,NULL
126,B320,"Cirriculum Plan, Dev and Assmt","Curriculum Plan, Dev and Assmt",3,NULL
127,B404,Civil War and Reconstr 1860-77,Civil War and Reconstr 1860-77,3,NULL
128,B202C,Clincal Care & Intro to Nursin,Clincal Care & Intro to Nursin,3,NULL
129,B425C,Clincal Care of High Acuity Ad,Clincal Care of High Acuity Ad,3,NULL
130,B422C,Clinical Care in Public & Comm,Clinical Care in Public & Comm,3,NULL
131,B326C,Clinical Care of Adults w/ Acu,Clinical Care of Adults w/ Acu,3,NULL
132,B360C,Clinical Care of Childbearing,Clinical Care of Childbearing,3,NULL
133,B100,Clinical Obsrvation & Analysis,Clinical Obsrvation & Analysis,3,NULL
134,B210,Clinical Obsrvation & Analysis,ABEYANCE Clin Obsrv & Analysis,3,NULL
135,B320,Clinical Pharmacology,Pharmacologic Interventions,3,NULL
136,B430C,Clinical Synthesis & Seminar,Clinical Synthesis & Seminar,3,NULL
137,B285,Club Management,Club Management,3,NULL
138,B385,Club Management,Club Management,3,NULL
139,B215,Coastal Enviroments of S.E. US,Coastal Enviroments of S.E. US,3,NULL
140,B215L,Coastal Environments Lab,Coastal Environments Lab,1,NULL
141,B401,Cognitive Psychology,Cognitive Psychology,3,NULL
142,B354,Collective Behavior,Collective Behavior,3,NULL
143,B111,College Algebra,College Algebra,3,NULL
144,B111E,College Algebra Extension,College Algebra Extension,1,NULL
145,B310,College Athletics,College Athletics,3,NULL
146,B324,Commercial Law,Commercial Law,3,NULL
147,B202,Communication & Cultural Comp,Communication & Cultural Comp,3,NULL
148,B400,Communication & Pop culture,Communication & Pop culture,3,NULL
149,B220,Communication and Pop Culture,ABEYANCE Comm and Pop Culture,3,NULL
150,B342,Communication in Sports,Communication in Sports,3,NULL
151,B303,Communication Law,Communication Law,3,NULL
152,B490,Communication Studies Capstone,Communication Studies Capstone,3,NULL
153,B255,Communication Studies Research,Communications Studies Researc,3,NULL
154,B255,Communications Studies Researc,Communications Studies Researc,3,NULL
155,B418,Community & Pub Health Nursing,Community & Pub Health Nursing,3,NULL
156,B418,Community Health Nursing,Community & Pub Health Nursing,3,NULL
157,B352,Community Project II,Community Project II,3,NULL
158,B415,Community Psychology,Community Psychology,3,NULL
159,B499,Comp Science Co-Op/Internship,Comp Science Co-Op/Internship,1,3
160,B203,Comparative Religion,Comparative Religion,3,NULL
161,B452,Complex Analysis,Complex Analysis,3,NULL
162,B101,Composition,Composition & Rhetoric,3,NULL
163,B101,Composition & Rhetoric,Composition & Rhetoric,3,NULL
164,B102,Composition and Literature,Composition and Literature,3,NULL
165,B104,Comptr Programming Techniques,Comptr Programming Techniques,3,NULL
166,B280,Computational Mathematics,Computational Mathematics,4,NULL
167,B365,Computer Graphics,Computer Graphics,3,NULL
168,B290,Computer Info Systems in Bus,Computer Info Systems in Bus,3,NULL
169,B207,Computer System Administration,Computer System Administration,3,NULL
170,B104,Computing in Matlab,Comptr Programming Techniques,3,NULL
171,B105,"Concepts, Comm, Calculations","Concepts, Comm, Calculations",3,NULL
172,B364,Conference and Mtg Planning,Conference and Mtg Planning,3,NULL
173,B212,Conflicting Images of Man,Philosophy of Human Nature,3,NULL
174,B471,Conservation Biology,Conservation Biology,4,NULL
175,B455,Consumer Behavior,Consumer Behavior,3,NULL
176,B312,Contemp Cross-Cult Analysis,Contemp Cross-Cult Analysis,3,NULL
177,B317,Contemp Euro World War I to II,Contemp Euro World War I to II,3,NULL
178,B426,Contemporary American Lit,Contemporary American Lit,3,NULL
179,B101,Contemporary Business,Contemporary Business,3,NULL
180,B211,Contemporary Moral Issues,Contemporary Moral Issues,3,NULL
181,B301,Contemporary Pro Nursing Pract,Contemporary Pro Nursing Pract,3,NULL
182,B629,Content Area Reading & Writing,Content Area Reading & Writing,3,NULL
183,B429,Content Literacy for Sec Teach,Content Literacy for Sec Teach,3,NULL
184,B419,Content Literacy for Secondary,Content Literacy for Secondary,3,NULL
185,B111,Controv in American Politics,Controv in American Politics,3,NULL
186,B355,Cost Accounting,Cost Accounting,3,NULL
187,B222,Creative Writing across Curric,Creative Writing across Curric,3,NULL
188,B303,Critical Social Theories,Critical Social Theories,3,NULL
189,B301,Cruise Line Management,Cruise Line Management,3,NULL
190,B455,Cryptography,Cryptography,3,NULL
191,B322,Cultural Diversity in Educ,Cultural Diversity in Educ,3,NULL
192,B380,Cultural Psychology,Cultural Psychology,3,NULL
193,B410A,Current Issues,Current Issues: Resort/Condo,3,NULL
194,B410B,Current Issues: Destination,Current Issues: Destination,3,NULL
195,B410A,Current Issues: Resort/Condo,Current Issues: Resort/Condo,3,NULL
196,B342,Curriculum Plan and Dev in ECE,Curriculum Plan and Dev in ECE,3,NULL
197,B320,"Curriculum Planning,Technology","Curriculum Planning,Technology",3,NULL
198,B516,Data Communications & Networks,Data Communications & Networks,3,NULL
199,B522,Data Mining,Data Mining,3,NULL
200,B466,Data Visualization,Data Visualization,3,NULL
201,B566,Data Visualization,Data Visualization,3,NULL
202,B420,Database Mgmt Systems II,Database Mgmt Systems II,3,NULL
203,B320,Database Systems and Mgmt,Database Systems and Mgmt,3,NULL
204,B321,Database-Driven Application Dv,Database-Driven Application Dv,3,NULL
205,B320,Databse Management Sys I,Databse Management Sys I,3,NULL
206,B202,Decision Making in Conc Based,Decision Making in Conc Based,3,NULL
207,B111,Descriptive Astronomy I,Descriptive Astronomy I,3,NULL
208,B111L,Descriptive Astronomy I Lab,Descriptive Astronomy I Lab,1,NULL
209,B211,Descriptive Astronomy II,Descriptive Astronomy II,3,NULL
210,B211L,Descriptive Astronomy II Lab,Descriptive Astronomy II Lab,1,NULL
211,B235,Destination Marketing,Destination Marketing,3,NULL
212,B453,Dev of the English Language,Histories of the English Lang,3,NULL
213,B405,Developmental Biology I,Developmental Biology I,3,NULL
214,B405L,Developmental Biology I Lab,Developmental Biology I Lab,1,NULL
215,B623,Differentiation in Read Instr,Differentiation in Read Instr,3,NULL
216,B210,Digital Animation 1,Digital Animation 1,3,NULL
217,B310,Digital Animation 2,Digital Animation 2,3,NULL
218,B216,Digital Comm Technologies,Digital Comm Technologies,3,NULL
219,B145,Digital Imaging,Digital Imaging,3,NULL
220,B211,Digital Logic Design,Digital Logic Design,3,NULL
221,B262,Digital Photography I,Digital Photography I,3,NULL
222,B363,Digital Photography II,Digital Photography II,3,NULL
223,B364,Digital Photography III,Digital Photography III,3,NULL
224,B295,Directed Studies in Biology,Directed Studies in Biology,1,4
225,B390,Directed Studio Art Internship,Directed Studio Art Internship,3,NULL
226,B333,Directing,Directing,3,NULL
227,B174,Discrete Math for Computer Sci,Discrete Math for Computer Sci,3,NULL
228,B307,Documentary Theory & Aesthetic,Documentary Theory & Aesthetic,3,NULL
229,B111,Drawing I,Drawing I,3,NULL
230,B212,Drawing II,Drawing II,3,NULL
231,B330,Drawing III,Drawing III,3,NULL
232,B437,Early Childhood Science Experi,Early Childhood Science Experi,3,NULL
233,B405,Early Shakespeare,Early Shakespeare,3,NULL
234,B301,Ecology and Evolution,Ecology and Evolution,3,NULL
235,B301L,Ecology and Evolution Lab,Ecology and Evolution Lab,1,NULL
236,B211,Editing and Publ Prac PEN,Editing and Publishing Prac,1,NULL
237,B211,Editing and Publishing  PEN,Editing and Publishing Prac,1,NULL
238,B211,Editing and Publishing PEN,Editing and Publishing Prac,1,NULL
239,B211,Editing and Publishing Prac,Editing and Publishing Prac,1,NULL
240,B211,Editing and Publishing: MRR,Editing and Publishing Prac,1,NULL
241,B211,Editing and Publishing: PEN,Editing and Publishing Prac,1,NULL
242,B620,"Educ Research, Design & Analy","Educ Research, Design & Analy",3,NULL
243,B340,Education of the Young Child,Education of the Young Child,3,NULL
244,B242,Elementary Differential Equatn,Elementary Differential Equatn,3,NULL
245,B201,Elementary Statistics,Elementary Statistics,3,NULL
246,B220,Elementary Statistics for Soc,Elementary Statistics for Soc,3,NULL
247,B211,Eng Graphics and Visualization,Eng Graphics and Visualization,3,NULL
248,B491,English Capstone,English Capstone,1,NULL
249,B288,English Literature I,English Literatures to 18th C,3,NULL
250,B289,English Literature II,English Literatures from 18th,3,NULL
251,B289,English Literatures from 18th,English Literatures from 18th,3,NULL
252,B288,English Literatures to 18th C,English Literatures to 18th C,3,NULL
253,B105,Enhanced Composition,Enhanced Composition,3,NULL
254,B106,Enhanced Composition and Lit,Enhanced Composition and Lit,3,NULL
255,B380,Entrepreneurship,Entrepreneurship,3,NULL
256,B211,Essentials of Physics I,Essentials of Physics I,3,NULL
257,B211L,Essentials of Physics I Lab,Essentials of Physics I Lab,1,NULL
258,B212,Essentials of Physics II,Essentials of Physics II,3,NULL
259,B212L,Essentials of Physics II Lab,Essentials of Physics II Lab,1,NULL
260,B331L,Essentials Organic Chem Lab I,Essentials Organic Chem Lab I,1,NULL
261,B332L,Essentials Organic Chem Lab II,Essentials Organic Chem Lab II,1,NULL
262,B450,"Ethical Decision-Making, Legal","Ethical Decision-Making, Legal",3,NULL
263,B318,Ethical Hacking,Ethical Hacking,3,NULL
264,B102,Euro Civ from the Mid-17th Cen,Euro Civ from the Mid-17th Cen,3,NULL
265,B101,Euro Civ to Mid 17th Century,Euro Civ to Mid 17th Century,3,NULL
266,B318,Euro World War II to Present,Euro World War II to Present,3,NULL
267,B240,Event Promotion,Event Promotion,3,NULL
268,B410,Examining Health Inequalities,Examining Health Inequalities,3,NULL
269,B101,Experiential Mathematics,Experiential Mathematics,3,NULL
270,B150,Explore Nurs/Health Profession,Pre-Nurs Student in the Univ,1,NULL
271,B390,Family Communication,Family Communication,3,NULL
272,B351,Family Cross-Cult Perspective,Family Cross-Cult Perspective,3,NULL
273,B345,Family Life in Early Childhood,Family Life in Early Childhood,3,NULL
274,B345,Festival Community Event Plann,Festival Community Event Plann,3,NULL
275,B465,Fiction Workshop,Fiction Workshop,3,NULL
276,B390,Field Experience in Health Pro,Field Experience in Health Pro,3,NULL
277,B390,Field Experience Public Health,Field Experience Public Health,3,NULL
278,B421,Finance & Revenue Management,Finance & Revenue Management,3,NULL
279,B364,Financial Institutions,Financial Institutions,3,NULL
280,B421,Financial Management,Finance & Revenue Management,3,NULL
281,B210,Financial Reasoning,Financial Reasoning,3,NULL
282,B170,Finite Mathematics,Finite Mathematics,3,NULL
283,B324,Food & Culture,Food & Culture,3,NULL
284,B447,Food Science,Food Science,3,NULL
285,B360,"Food, Hospitality and Culture",Food & Culture,3,NULL
286,B451,Forensic Tech and Data Analys,Forensic Tech and Data Analys,3,NULL
287,B110,Formal Logic: Deduction & Infe,Formal Logic: Deduction & Infe,3,NULL
288,B321,Foundations of American Edu,Foundations of American Edu,3,NULL
289,B202,Foundations of Coaching,Foundations of Coaching,2,NULL
290,B331,Foundations of Geometry,Foundations of Geometry,3,NULL
291,B318,Foundations of Reading,Foundations of Reading,3,NULL
292,B619,Foundations of Reading,Foundations of Reading,3,NULL
293,B319,Foundations of Reading Sec Tea,Foundations of Reading Sec Tea,3,NULL
294,B325,Fraud Examination,Fraud Examination,3,NULL
295,B290,French Lit in Translation,French Lit in Translation,3,NULL
296,B312,French Rev and Napoleonic Era,French Rev and Napoleonic Era,3,NULL
297,B321,Fund of Occupational Health,Fund of Occupational Health,3,NULL
298,B240,Fund of Probability & Stats,Fund of Probability & Stats,3,NULL
299,B303,Fundamental Genetics,Fundamental Genetics,3,NULL
300,B225,Fundamentals of Accounting I,Fundamentals of Accounting I,3,NULL
301,B226,Fundamentals of Accounting II,Fundamentals of Accounting II,3,NULL
302,B170,Fundamentals of Acting,Fundamentals of Acting,3,NULL
303,B102,Gen App Prgm HTML & Javascript,Introduction to HTML & CSS,3,NULL
304,B202L,Gen Physics Laboratory II,Gen Physics Laboratory II,1,NULL
305,B460L,Gen Physiology Laboratory,Gen Physiology Laboratory,1,NULL
306,B385,Gender and Language Use,Gender and Language Use,3,NULL
307,B110,General Biology,General Biology,4,NULL
308,B111,General Chemistry I,General Chemistry I,4,NULL
309,B112,General Chemistry II,General Chemistry II,4,NULL
310,B201,General Physics I,General Physics I,3,NULL
311,B202,General Physics II,General Physics II,3,NULL
312,B201L,General Physics Lab I,General Physics Lab I,1,NULL
313,B460,General Physiology,General Physiology,3,NULL
314,B360,Gerontological and Rehab Nurs,Gerontological and Rehab Nurs,3,NULL
315,B395,Global Healthcare Study Abroad,Global Healthcare Study Abroad,3,NULL
316,B441,Global Histories of Lit Theory,Global Histories of Lit Theory,3,NULL
317,B398,Global Studies,Global Studies,3,NULL
318,B114,Golf,Golf,1,NULL
319,B401,Graduation with Leadership Dis,Graduation with Leadership Dis,1,NULL
320,B245,Graphic Design I,Graphic Design I,3,NULL
321,B246,Graphic Design II,Graphic Design II,3,NULL
322,B345,Graphic Design II,Graphic Design II,3,NULL
323,B445,Graphic Design III,Graphic Design III,3,NULL
324,B290,Great Books of the West,Great Books of the West,3,NULL
325,B312,Health Assessment,Assessment & Physical Exam,3,NULL
326,B360,Health Behavior & Education,Health Behavior & Education,3,NULL
327,B401,Health Care Delivery Systems,Health Care Delivery Systems,3,NULL
328,B350,Health Communication,Health Communication,3,NULL
329,B460,Health Pro Program Evaluation,Health Pro Program Evaluation,3,NULL
330,B315,Health Promo Across Lifespan,Health Promo Across Lifespan,3,NULL
331,B450,Health Promotion Prg Developmt,Health Promotion Prg Developmt,3,NULL
332,B465,Health Psychology,Health Psychology,3,NULL
333,B153,Heartsaver CPR/First Aid/AED,Heartsaver CPR/First Aid/AED,1,NULL
334,B315,Heath Prom Across the Lifespan,Heath Prom Across the Lifespan,3,NULL
335,B478,Herpetology,Herpetology,4,NULL
336,B469,High Performance Computing,High Performance Computing,3,NULL
337,B569,High Performance Computing2a,High Performance Computing,3,NULL
338,B111,Hist Am from Discovery to 1865,Hist Am from Discovery to 1865,3,NULL
339,B320,Hist Italian Renaissance Art,Hist Italian Renaissance Art,3,NULL
340,B441,Hist Lit Criticism and Theory,Global Histories of Lit Theory,3,NULL
341,B112,Hist US from 1865 to Present,Hist US from 1865 to Present,3,NULL
342,B430,Histology,Histology,4,NULL
343,B435,Historical Literature,Historical Literature,3,NULL
344,B453,Histories of the English Lang,Histories of the English Lang,3,NULL
345,B406,History and Systems of Psyc,History and Systems of Psyc,3,NULL
346,B335,History of 20th Century Art,History of 20th Century Art,3,NULL
347,B304,History of Analytic Philosophy,History of Analytic Philosophy,3,NULL
348,B201,History of Ancient Philosophy,History of Ancient Philosophy,3,NULL
349,B201,History of Animation in the US,History of Animation in the US,3,NULL
350,B321,History of Great Britain II,History of Great Britain II,3,NULL
351,B395,History of Human Rights,History of Human Rights,3,NULL
352,B401,History of Mathematics,History of Mathematics,3,NULL
353,B315,History of Medieval Art,History of Medieval Art,3,NULL
354,B423,History of Mexico,History of Mexico,3,NULL
355,B202,History of Modern Philosophy,History of Modern Philosophy,3,NULL
356,B348,History of Money & Trade,History of Money & Trade,3,NULL
357,B409,"History of SC, 1670-1865","History of SC, 1670-1865",3,NULL
358,B105,History of Western Art I,History of Western Art I,3,NULL
359,B106,History of Western Art II,History of Western Art II,3,NULL
360,B497,HNR Rd for Senior Thesis,Reading for Senior Thesis,3,NULL
361,B300,Honors Contract,Honors Contract,0,NULL
362,B399,Honors Contract Capstone,Honors Contract Capstone,0,NULL
363,B490,Hosp Management Strategies,Hosp Management Strategies,3,NULL
364,B221,Hospitality Accounting I,Hospitality Accounting I,3,NULL
365,B222,Hospitality Accounting II,Hospitality Accounting II,3,NULL
366,B230,Hospitality Management,Hospitality Management,3,NULL
367,B450,Hospitality Marketing Sales,Hospitality Marketing Sales,3,NULL
368,B495,Hospitality Mgmt Internship,Hospitality Mgmt Internship,3,NULL
369,B260,Hotel Management,Hotel Management,3,NULL
370,B357,"Hotel, Restaurant Travel Law","Hotel, Restaurant Travel Law",3,NULL
371,B497,HRNS Reading for Senior Thesis,Reading for Senior Thesis,3,NULL
372,B244,Human Anatomy and Physiolgy II,Human Anatomy and Physiolgy II,4,NULL
373,B243,Human Anatomy and Physiology I,Human Anatomy and Physiology I,4,NULL
374,B243,Human Anatomy Physiology I,Human Anatomy and Physiology I,4,NULL
375,B120,Human Biology,Human Biology,3,NULL
376,B120L,Human Biology Laboratory,Human Biology Laboratory,1,NULL
377,B234,Human Physiology,Human Physiology,4,NULL
378,B374,Human Resource Management,Human Resource Management,3,NULL
379,B451,Human Resources in HRTM,Human Resources in HRTM,3,NULL
380,B300,Human Service Interventions II,Macro Level HMSV Interventions,3,NULL
381,B302,Human Services Evaluation,Human Services Evaluation,3,NULL
382,B290,Human Services Internship I,Human Services Internship I,3,NULL
383,B298,Human Services Internship II,Human Services Internship II,3,NULL
384,B490,Human Services Internship III,Human Services Internship III,3,NULL
385,B190,Human Services: An  Intro,Human Services: An  Intro,3,NULL
386,B214,Human Sexual Behavior,Human Sexual Behavior,3,NULL
387,B280,Human Srv Interventions I,Micro Level HMSV Interventions,3,NULL
388,B436,Ichthyology,Ichthyology,4,NULL
389,B297,IDST Research Methods,IDST Research Methods,3,NULL
390,B399,Independent Studies,Independent Studies,3,6
391,B399,Independent Study,Independent Study,1,3
392,B399,Independent Study,Independent Study,1,6
393,B399,Independent Study,Independent Study,1,9
394,B399,Independent Study,Independent Study,3,NULL
395,B399,Independent Study,Independent Study,3,6
396,B399,Independent Study,Independent Study,3,9
397,B599,Independent Study,Independent Study,3,NULL
398,B399,Independent Study in Education,Independent Study in Education,1,6
399,B399,Independent Study in Nursing,Independent Study in Nursing,1,6
400,B399,Independent Study in PUBH,Independent Study in PUBH,1,4
401,B399,Independent Study in Sociology,Independent Study in Sociology,3,6
402,B320,Individual and Society,Individual and Society,3,NULL
403,B499,Individual Research,Individual Research,3,NULL
404,B189,Indoor Cycling,Indoor Cycling,1,NULL
405,B224,Industrial/Organizational Psyc,Industrial/Organizational Psyc,3,NULL
406,B699,Industrial/Research Internship,Industrial/Research Internship,1,3
407,B437,Info Technology Project Mgmt,Info Technology Project Mgmt,3,NULL
408,B111,Informal Logic: Reason & Analy,Informal Logic: Reason & Analy,3,NULL
409,B401,Information Security Principle,Information Security Principle,3,NULL
410,B430,Instruc Strategies in Literacy,Instruction Strategies in Lit,3,NULL
411,B430,Instruction Strategies in Lit,Instruction Strategies in Lit,3,NULL
412,B433,Instructional Strategies ELEM,Instructional Strategies ELEM,3,NULL
413,B305,Integrated Interdis Studies I,Integrated Interdis Studies I,1,NULL
414,B405,Integrated Interdis Studies II,Integrated Interdis Studies II,1,NULL
415,B305,Integrated Liberal Studies I,Integrated Liberal Studies I,1,NULL
416,B405,Integrated Liberal Studies II,Integrated Liberal Studies II,1,NULL
417,B111L,Intensive College Algebra,Intensive College Algebra,4,NULL
418,B101L,Intensive English Comp Lab,ABEYANCE Intens Engl Comp Lab,1,NULL
419,B281,Interactive Media 1,Video Game Design 1,3,NULL
420,B381,Interactive Media 2,Video Game Design 2,3,NULL
421,B285,Intercultural Communication,Intercultural Communication,3,NULL
422,B450,Intercultural Communication,Intercultural Communication,3,NULL
423,B297,Interdesciplinary Research Mth,Interdesciplinary Research Mth,3,NULL
424,B250,Interdisciplinary Internship,Interdisciplinary Internship,3,NULL
425,B297,Interdisciplinary Methods Mth,IDST Research Methods,3,NULL
426,B425,Intermediate Accounting I,Intermediate Accounting I,3,NULL
427,B426,Intermediate Accounting II,Intermediate Accounting II,3,NULL
428,B370,Intermediate Acting,Intermediate Acting,3,NULL
429,B383,International Business,International Business,3,NULL
430,B315,International Relations,International Relations,3,NULL
431,B429,Internship,Internship,3,6
432,B429,Internship in Accounting,Internship in Accounting,2,6
433,B495,Internship in Comm Studies,Internship in Comm Studies,3,NULL
434,B469,Internship in ECE,Internship in ECE,12,NULL
435,B470,Internship in Elementary Schl,Internship in Elementary Schl,12,NULL
436,B480,Internship in Health Promotion,Internship in Health Promotion,4,NULL
437,B499,Internship in Media Arts,Internship in Media Arts,1,3
438,B495,Internship in Psychology I,Internship in Psychology I,3,NULL
439,B480,Internship in Public Health,Internship in Public Health,4,NULL
440,B495,Internship in Sociology,Internship in Sociology,3,NULL
441,B492,Internship IV,Internship IV,3,NULL
442,B469,Internship Secondary Math Edu,Internship Secondary Math Edu,12,NULL
443,B201,Interpersonal Communication,Interpersonal Communication,3,NULL
444,B201,Intro African-Amer Studies I,Intro African-Amer Studies I,3,NULL
445,B202,Intro African-Amer Studies II,Intro African-Amer Studies II,3,NULL
446,B333,Intro Child Growth and Develop,Intro Child Growth and Develop,3,NULL
447,B335,Intro Educational Psychology,Intro Educational Psychology,3,NULL
448,B270L,Intro Environmental Bio Lab,Intro Environmental Bio Lab,1,NULL
449,B270,Intro Environmental Biology,Intro Environmental Biology,3,NULL
450,B300,Intro Exceptional Learner,Intro Exceptional Learner,3,NULL
451,B323,Intro Exercise and Sports Scie,Intro Exercise and Sports Scie,3,NULL
452,B202,Intro Front-End Web Developmen,Intro Front-End Web Developmen,3,NULL
453,B355,Intro Health Care Management,Intro Health Care Management,3,NULL
454,B312,Intro Reading Hispanic Lit Txt,Intro Reading Hispanic Lit Txt,3,NULL
455,B316,Intro to Business French,Intro to Business French,3,NULL
456,B411,Intro to Clinical Psychology,Intro to Clinical Psychology,3,NULL
457,B190,Intro to Communications Studie,Intro to Communications Studie,3,NULL
458,B255,Intro to Computational Biology,Intro to Computational Biology,3,NULL
459,B150,Intro to Computational Science,Intro to Computational Science,3,NULL
460,B212,Intro to Computer Architecture,Intro to Computer Architecture,3,NULL
461,B101,Intro to Computer Concepts,Intro to Computer Concepts,3,NULL
462,B416,Intro to Computer Networks,Intro to Computer Networks,3,NULL
463,B150,Intro to Computer Science,Intro to Computer Science,3,NULL
464,B201,Intro to Computer Security,Intro to Computer Security,3,NULL
465,B350,Intro to Data Structures & Alg,Intro to Data Structures & Alg,3,NULL
466,B317,Intro to Digital Forensics,Intro to Digital Forensics,3,NULL
467,B200,Intro to English Studies,Intro to English Studies,3,NULL
468,B300,Intro to Entrepreneurial Think,Intro to Entrepreneurial Think,3,NULL
469,B340,Intro to Environmental Health,Intro to Environmental Health,3,NULL
470,B301,Intro to Exceptional Populatio,Intro to Exceptional Populatio,3,NULL
471,B323,Intro to Exercise & Sports Sci,Intro to Exercise & Sports Sci,3,NULL
472,B301,Intro to Gender Studies,Intro to Gender Studies,3,NULL
473,B310,Intro to Health Promotion,Intro to Health Promotion,3,NULL
474,B110,Intro to Hospitality Industry,Intro to Hospitality Industry,3,NULL
475,B109,Intro to Latin American Civ,Intro to Latin American Civ,3,NULL
476,B220,Intro to Life Science Educatio,Intro to Life Science Educatio,4,NULL
477,B352,Intro to Marketing Research,Intro to Marketing Research,3,NULL
478,B260,Intro to Medical & Health Huma,Intro to Medical & Health Huma,3,NULL
479,B410,Intro to Performance Studies,Intro to Performance Studies,3,NULL
480,B150,Intro to Personal Finance,Intro to Personal Finance,3,NULL
481,B200,Intro to Physical Geography,Intro to Physical Geography,3,NULL
482,B340,Intro to Probability and Stats,Intro to Probability and Stats,3,NULL
483,B202,Intro to Professional Nursing,Decision Making in Conc Based,3,NULL
484,B310,Intro to Public Health,Intro to Public Health,3,NULL
485,B328,Intro to Public Relations,Intro to Public Relations,3,NULL
486,B330,Intro to Scottish History,Intro to Scottish History,3,NULL
487,B201,Intro to Script Analysis,Intro to Script Analysis,3,NULL
488,B309,Intro to Social Inequality,Intro to Social Inequality,3,NULL
489,B340,Intro to Social Problems,Intro to Social Problems,3,NULL
490,B240,Intro to Software Engineering,Intro to Software Engineering,3,NULL
491,B201,Intro to Sport and Event Mgmt,Intro to Sport and Event Mgmt,3,NULL
492,B201,Intro to Sport Management,Intro to Sport Management,3,NULL
493,B262,Intro to Technical Writing,Intro to Technical Writing,3,NULL
494,B263,Intro to Workplace Writing,Intro to Workplace Writing,3,NULL
495,B102,Intro Visual Arts Computing,Intro Visual Arts Computing,3,NULL
496,B422,Introduction to Data Mining,Introduction to Data Mining,3,NULL
497,B210,Introduction to Event Mgmt,Introduction to Event Mgmt,3,NULL
498,B180,Introduction to Film,Introduction to Film,3,NULL
499,B102,Introduction to HTML & CSS,Introduction to HTML & CSS,3,NULL
500,B110,Introduction to Logic I,Formal Logic: Deduction & Infe,3,NULL
501,B111,Introduction to Logic II,Informal Logic: Reason & Analy,3,NULL
502,B110,Introduction to Music,Introduction to Music,3,NULL
503,B102,Introduction to Philosophy,Introduction to Philosophy,3,NULL
504,B105,Introduction to Politics,Introduction to Politics,3,NULL
505,B300,Introduction to Proof,Introduction to Proof,3,NULL
506,B101,Introduction to Psychology,Introduction to Psychology,3,NULL
507,B215,Introduction to Spa Management,Introduction to Spa Management,3,NULL
508,B495,Introduction to Sustainability,Introduction to Sustainability,3,NULL
509,B101,Introductory Sociology,Introductory Sociology,3,NULL
510,B410,Invertebrate Zoology,Invertebrate Zoology,4,NULL
511,B145,Java Prog Algorithmic Design I,Object-Oriented Programming I,4,NULL
512,B140,Jazz and America Popular Music,Jazz and America Popular Music,3,NULL
513,B117,Karate,Karate,1,NULL
514,B147,Kayaking,Kayaking,1,NULL
515,B203,Laboratory in Psychology,Laboratory in Psychology,3,NULL
516,B406,Late Shakespeare,Late Shakespeare,3,NULL
517,B420,Latin Am: Founding New Society,Latin Am: Founding New Society,3,NULL
518,B420,Leadership & Management Public,Leadership & Management Public,3,NULL
519,B420,Leadership and Mgmt,Leadership and Mgmt,3,NULL
520,B400,Leadership and Prof Ethics,Leadership and Prof Ethics,3,NULL
521,B403,Leadership in Organizations,Leadership in Organizations,3,NULL
522,B400,Leading Diverse Teams,Leading Diverse Teams,3,NULL
523,B410,Leading in Organizations,Leading in Organizations,3,NULL
524,B302,Learning and Memory,Learning and Memory,3,NULL
525,B250,Liberal Studies Internship,Liberal Studies Internship,3,NULL
526,B448,Life and Death in Salt Marsh,Life and Death in Salt Marsh,4,NULL
527,B321,Life Span Developmental Psyc,Life Span Developmental Psyc,3,NULL
528,B322,Life-Cycle Nutrition,Life-Cycle Nutrition,3,NULL
529,B230,Linear Algebra,Linear Algebra,3,NULL
530,B407,Lit Tend Mstrpc Spanish Am II,Lit Tend Mstrpc Spanish Am II,3,NULL
531,B404,Lit Tend Mstrpcs of Spain I,Lit Tend Mstrpcs of Spain I,3,NULL
532,B405,Lit Tend Mstrpcs of Span Am I,Lit Tend Mstrpcs of Span Am I,3,NULL
533,B406,Lit Tend Mstrpcs Spain II,Lit Tend Mstrpcs Spain II,3,NULL
534,B450P,Lit/Social St Practicum I,Lit/Social St Practicum I,3,NULL
535,B428,Literacy Content for Teachers,Literacy Content for Teachers,3,NULL
536,B432,Literature for Young Adults,Adolescent Literature & Devel,3,NULL
537,B398,Love Sucks (Taught in English),Selected Topics,3,NULL
538,B200,Lowcountry Studies Honors Sem,Lowcountry Studies Honors Sem,1,NULL
539,B300,Macro Level HMSV Interventions,Macro Level HMSV Interventions,3,NULL
540,B222,Macroeconomics,Macroeconomics,3,NULL
541,B312,Mangement by Menu,Mangement by Menu,1,NULL
542,B475,Marine Ecology,Marine Ecology,3,NULL
543,B475L,Marine Ecology Laboratory,Marine Ecology Laboratory,1,NULL
544,B401,Marine Internship,Marine Internship,0,3
545,B490,Marine Policy,Marine Policy,3,NULL
546,B799,Master's Thesis,Master's Thesis,3,6
547,B435,Math Experiences in ECE,Math Experiences in ECE,3,NULL
548,B421,Math for Secondary Teachers,Math for Secondary Teachers,3,NULL
549,B172,Math Modeling for Life Science,Math Modeling for Life Science,3,NULL
550,B111,Math Prep for Praxis Core,Math Prep for Praxis Core,1,NULL
551,B440P,Math/Science Practicum,Math/Science Practicum,3,NULL
552,B419,Mathematical Modeling,Mathematical Modeling,4,NULL
553,B306,Media 2.0,Strategic Social Media,3,NULL
554,B240,Media and Society,Media and Society,3,NULL
555,B102,Media Design,Media Design,3,NULL
556,B452,Medical Anthropology,Medical Anthropology,3,NULL
557,B461,Medical Parasitology,Medical Parasitology,3,NULL
558,B461L,Medical Parasitology Lab,Medical Parasitology Lab,1,NULL
559,B412,Mental Health Nursing,Care of Indiv with Mental & Ad,3,NULL
560,B282,Mezzo Level HMSV Interventions,Mezzo Level HMSV Interventions,3,NULL
561,B390,Mgmt Information Systems,Mgmt Information Systems,3,NULL
562,B473,Mgmt Operations of Small Bus,Mgmt Operations of Small Bus,3,NULL
563,B280,Micro Level HMSV Interventions,Micro Level HMSV Interventions,3,NULL
564,B230,Microbiology,Microbiology,4,NULL
565,B221,Microeconomics,Microeconomics,3,NULL
566,B355,Minority Group Relations,Minority Group Relations,3,NULL
567,B454,Mktg Communications Strategy,Mktg Communications Strategy,3,NULL
568,B465,Mkting Strategy and Planning,Mkting Strategy and Planning,3,NULL
569,B250,Mobile Application Development,Mobile Application Development,3,NULL
570,B450,Modeling and Simulation,Modeling and Simulation,3,NULL
571,B450,Modern English Grammars,Modern English Grammars,3,NULL
572,B421,Modern Latin America,Modern Latin America,3,NULL
573,B480,Molecular Marine Ecology,Molecular Marine Ecology,3,NULL
574,B301,Money and Banking,Money and Banking,3,NULL
575,B410,Narrative Media,Narrative Media,3,NULL
576,B435,Neurobiology,Neurobiology,3,NULL
577,B435L,Neurobiology Laboratory,Neurobiology Laboratory,1,NULL
578,B301,Nineteenth-and 20th C  Phil,Nineteenth-and 20th C  Phil,3,NULL
579,B402,Nonprofit Management & Funding,Nonprofit Management & Funding,3,NULL
580,B333,North American Prehistory,North American Prehistory,3,NULL
581,B427,Numerical Analysis,Numerical Analysis,3,NULL
582,B502,Numerical Analysis & Computing,Numerical Analysis & Computing,3,NULL
583,B357,Nurs Concepts in Adult Health,Nurs Concepts in Adult Health,3,NULL
584,B100,Nursing Honors Seminar,Nursing Honors Seminar,1,NULL
585,B101,Nursing Honors Seminar II,Nursing Honors Seminar II,1,NULL
586,B200,Nursing Honors Seminar III,Nursing Honors Seminar III,1,NULL
587,B201,Nursing Honors Seminar IV,Nursing Honors Seminar IV,1,NULL
588,B350,Nursing Research,Science of Evidence-Based Prac,3,NULL
589,B242,Nutrition,Nutrition,3,NULL
590,B328,Nutrition & Chronic Disease,Nutrition & Chronic Disease,3,NULL
591,B145,Object-Oriented Program I,Object-Oriented Program I,4,NULL
592,B145,Object-Oriented Programming I,Object-Oriented Programming I,4,NULL
593,B146,Object-Oriented Programming II,Object-Oriented Programming II,4,NULL
594,B210,Oceans and Man,Oceans and Society,4,NULL
595,B210,Oceans and Society,Oceans and Society,4,NULL
596,B475,Operations & Supply Chain,Operations & Supply Chain,3,NULL
597,B202,Oral Communication,Communication & Cultural Comp,3,NULL
598,B202,Oral Communication,Oral Communication,3,NULL
599,B201,Oral Expression & Career Build,Oral Expression & Career Build,3,NULL
600,B340,Oral Interpredtation of Lit,Oral Interpredtation of Lit,3,NULL
601,B442,Org & Management in Secondary,Org & Management in Secondary,3,NULL
602,B441,Org Mgmt in Diverse Classroom,Org Mgmt in Diverse Classroom,3,NULL
603,B333,Organic Chemistry I,Organic Chemistry I,3,NULL
604,B334,Organic Chemistry II,Organic Chemistry II,3,NULL
605,B376,Organization Behavior,Organization Behavior,3,NULL
606,B230,Organizational Communication,Organizational Communication,3,NULL
607,B210,Painting I,Painting I,3,NULL
608,B310,Painting II,Painting II,3,NULL
609,B311,Painting III,Painting III,3,NULL
610,B310,Pathophysiology,Pathophysiology,3,NULL
611,B341,Performance of Caring,Performance of Caring,3,NULL
612,B481,Performative Media,Performative Media,3,NULL
613,B430,Performing Shakespear,Performing Shakespear,3,NULL
614,B231,Personal & Comm Health,Personal & Comm Health,3,NULL
615,B231,Personal and Community Health,Personal & Comm Health,3,NULL
616,B180,Personal and Professional Dev,Personal and Professional Dev,3,NULL
617,B104,Personal Fitness & Weight Ctrl,Personal Fitness & Weight Ctrl,1,NULL
618,B341,Personality Theory,Personality Theory,3,NULL
619,B378,Perspective in Public Sociolog,Perspective in Public Sociolog,3,NULL
620,B308,Persuasion & Social Influence,Persuasion & Social Influence,3,NULL
621,B320,Pharmacologic Interventions,Pharmacologic Interventions,3,NULL
622,B313,Philosophy of Art,Philosophy of Art,3,NULL
623,B363,Philosophy of Film,Philosophy of Film,3,NULL
624,B315,Philosophy of Technology,Philosophy of Technology,3,NULL
625,B101L,Physics How Things Work I Lab,Physics How Things Work I Lab,1,NULL
626,B101,Physics of How Things Work I,Physics of How Things Work I,3,NULL
627,B441L,Pinciples of Biochemistry Lab,Principles of Biochemistry Lab,1,NULL
628,B200,Plant Science,Plant Science,3,NULL
629,B200L,Plant Science Laboratory,Plant Science Laboratory,1,NULL
630,B322,Playwriting,Playwriting,3,NULL
631,B464,Poetry Workshop,Poetry Workshop,3,NULL
632,B409,Positive Psychology,Positive Psychology,3,NULL
633,B386,Postmodernism,Postmodernism,3,NULL
634,B500,Practical Computing for Comp S,Practical Computing for Comp S,3,NULL
635,B290,Practicum,Practicum,3,NULL
636,B440P,Practicum II,Math/Science Practicum,3,NULL
637,B440P,Practicum II,Practicum: Lessons in ECE,3,NULL
638,B450P,Practicum II: Teaching Readers,Lit/Social St Practicum I,3,NULL
639,B640P,Practicum in Assessing & Teach,Practicum in Assessing & Teach,3,NULL
640,B430P,Practicum in Teaching Math Sec,Practicum in Teaching Math Sec,3,NULL
641,B440P,Practicum: Lessons in ECE,Practicum: Lessons in ECE,3,NULL
642,B115,Precalculus Mathematics,Precalculus Mathematics,4,NULL
643,B150,Pre-Nurs Student in the Univ,Pre-Nurs Student in the Univ,1,NULL
644,B101,"Primates, People and Prehist","Primates, People and Prehist",3,NULL
645,B311,Princ Food Service Sanitation,Princ Food Service Sanitation,1,NULL
646,B442,Princ Modern Literary Theory,Princ Modern Literary Theory,3,NULL
647,B371,Principle Mgmt and Leadership,Principle Mgmt and Leadership,3,NULL
648,B319,Principles of Archaeology,Principles of Archaeology,3,NULL
649,B441,Principles of Biochemistry,Principles of Biochemistry,3,NULL
650,B450,Principles of Biochemistry,Principles of Biochemistry,3,NULL
651,B441L,Principles of Biochemistry Lab,Principles of Biochemistry Lab,1,NULL
652,B450L,Principles of Biochemistry Lab,Principles of Biochemistry Lab,1,NULL
653,B330,Principles of Epidemiology,Principles of Epidemiology,3,NULL
654,B303,Principles of Gerontology,Principles of Gerontology,3,NULL
655,B350,Principles of Marketing,Principles of Marketing,3,NULL
656,B215,Printmaking I,Printmaking I,3,NULL
657,B315,Printmaking II,Printmaking II,3,NULL
658,B316,Printmaking III,Printmaking III,3,NULL
659,B475,Production/Operations Mgmt,Operations & Supply Chain,3,NULL
660,B245,Prof Dev Hospitality Mgmt,Prof Dev Hospitality Mgmt,3,NULL
661,B410,Prof Nurs Leadership and Mgmt,Leading in Organizations,3,NULL
662,B410,Professional Nurs Leadership,Leading in Organizations,3,NULL
663,B435,Professional Nursing Seminar,Career Prep & Transitions,2,NULL
664,B460,Professional Writing Workshop,Professional Writing Workshop,3,NULL
665,B490,Professionalization in English,Professionalization in English,3,NULL
666,B322,Psyc of Child Development,Psyc of Child Development,3,NULL
667,B418,Psyc of Drug Use and Effects,Psyc of Drug Use and Effects,3,NULL
668,B425,Psych and the Legal System,Psych and the Legal System,3,NULL
669,B202,Psychological Statistics,Psychological Statistics,3,NULL
670,B462,Psychology in Film,Psychology in Film,3,NULL
671,B210,Psychology of Adjustment,Psychology of Adjustment,3,NULL
672,B328,Psychology of Aging,Psychology of Aging,3,NULL
673,B216,Psychology of Marriage,Psychology of Marriage,3,NULL
674,B220,Psychology of Religion,Psychology of Religion,3,NULL
675,B218,Psychology of Women,Psychology of Women,3,NULL
676,B441,Psycl Tests and Measurement,Psycl Tests and Measurement,3,NULL
677,B140,Public Communication,Public Communication,3,NULL
678,B432,Public Health Nutrition Policy,Public Health Nutrition Policy,3,NULL
679,B450,Public Health Program Devel,Public Health Program Devel,3,NULL
680,B460,Public Health Program Evalu,Public Health Program Evalu,3,NULL
681,B399,Public History Internship II,Independent Study,3,NULL
682,B401,Public Relations Campaigns,Public Relations Campaigns,3,NULL
683,B330,Quality Eval & Mmgt in Hosp,Quality Eval & Mmgt in Hosp,3,NULL
684,B321,Quantitative Analysis,Quantitative Analysis,3,NULL
685,B321L,Quantitative Analysis Lab,Quantitative Analysis Lab,1,NULL
686,B270,Quantity Food Production,Quantity Food Production,4,NULL
687,B101,RAD Self-Defense for Women,RAD Self-Defense for Women,1,NULL
688,B310,Rding Performing Shakespeare,Rding Performing Shakespeare,3,NULL
689,B201,Reading and Written Expression,Oral Expression & Career Build,3,NULL
690,B201,Reading and Written Expression,Reading and Written Expression,3,NULL
691,B497,Reading for Senior Thesis,Reading for Senior Thesis,1,NULL
692,B497,Reading for Senior Thesis,Reading for Senior Thesis,3,NULL
693,B397,Readings in Philosophy,Readings in Philosophy,3,NULL
694,B397,Readings in Philosophy,Readings in Philosophy,3,6
695,B114,Religion and Culture,Religion and Culture,3,NULL
696,B380,Research Methods in Health Pro,Research Methods in Health Pro,3,NULL
697,B200,Research Methods in Psychology,Research Methods in Psychology,3,NULL
698,B380,Research Methods Public Health,Research Methods Public Health,3,NULL
699,B797,Research Project,Research Project,3,6
700,B498,Research Seminar,Research Seminar,3,NULL
701,B243,Resources in Teaching,Resources in Teaching,3,NULL
702,B370,Restaurant Food Production Mgt,Restaurant Food Production Mgt,3,NULL
703,B301,Role Dev in Nursing,Contemporary Pro Nursing Pract,3,NULL
704,B453,Sales Management,Sales Management,3,NULL
705,B436,Science and Soc Studies ECE,Science and Soc Studies ECE,3,NULL
706,B350,Science of Evidence-Based Prac,Science of Evidence-Based Prac,3,NULL
707,B403,Sctions and Nation 1828-1860,Sctions and Nation 1828-1860,3,NULL
708,B225,Sculpture I,Sculpture I,3,NULL
709,B325,Sculpture II,Sculpture II,3,NULL
710,B326,Sculpture III,Sculpture III,3,NULL
711,B483,Secondary ELA Internship,Secondary ELA Internship,12,NULL
712,B480,Secondary ELA Methods,Secondary ELA Methods,3,NULL
713,B481,Secondary ELA Practicum,Secondary ELA Practicum,4,NULL
714,B482,Secondary ELA Seminar,Secondary ELA Seminar,3,NULL
715,B398,Selected Topics,Selected Topics,3,NULL
716,B439,Selected Topics,Selected Topics,3,NULL
717,B490,Selected Topics Anthropology,Selected Topics Anthropology,3,NULL
718,B409,Selected Topics in Computing,Selected Topics in Computing,1,3
719,B400,Selected Topics in Education,Selected Topics in Education,1,4
720,B599,Selected Topics in Education,Special Topics in Education,1,3
721,B498,Selected Topics in Human Srvs,Selected Topics in Human Srvs,1,3
722,B490,Selected Topics in Psychology,Selected Topics in Psychology,3,NULL
723,B497,Seminar IDST Among Discipline,Seminar IDST Among Discipline,3,NULL
724,B497,Seminar in LS Among Discipline,Seminar in LS Among Discipline,3,NULL
725,B485,Senior Exhibition,Senior Exhibition,3,NULL
726,B476,Senior Seminar,Senior Seminar,3,NULL
727,B480,Senior Seminar,Senior Seminar,3,NULL
728,B499,Senior Seminar,Senior Seminar,3,NULL
729,B490,Senior Seminar in Health Promo,Senior Seminar in Health Promo,2,NULL
730,B490,Senior Seminar Public Health,Senior Seminar Public Health,2,NULL
731,B476,Senior Seminar Secondary Math,Senior Seminar Secondary Math,3,NULL
732,B498,Senior Seminar: Writing,Senior Seminar: Writing,3,NULL
733,B499,Senior Thesis,Senior Thesis,3,NULL
734,B499,Senior Thesis - Honors,Senior Thesis,3,NULL
735,B499,Senior Thesis- Honors,Senior Thesis,3,NULL
736,B499,Senior Thesis: Honors,Senior Thesis,3,NULL
737,B451,Sensation and Perception,Sensation and Perception,3,NULL
738,B300,"Sex, Sexuality, Gender & Healt","Sex, Sexuality, Gender & Healt",3,NULL
739,B222,Simulated Patient Lab,Simulated Patient Lab,1,NULL
740,B225,Single Camera Production,Single Camera Production,3,NULL
741,B350,Soc Delinquent Youth Behavior,Soc Delinquent Youth Behavior,3,NULL
742,B360,Soc of Medicine and Health,Soc of Medicine and Health,3,NULL
743,B119,Soccer,Soccer,1,NULL
744,B310,Social Demography,Social Demography,3,NULL
745,B331,Social Psychology,Social Psychology,3,NULL
746,B300,Social Structures,Social Structures,3,NULL
747,B497,Sociological Research Methods,Sociological Research Methods,4,NULL
748,B496,Sociological Theory,Sociological Theory,3,NULL
749,B313,Sociology of Aging,Sociology of Aging,3,NULL
750,B325,Sociology of Childhood,Sociology of Childhood,3,NULL
751,B353,Sociology of Crime,Sociology of Crime,3,NULL
752,B341,Sociology of Death and Dying,Sociology of Death and Dying,3,NULL
753,B323,Sociology of Deviant Behavior,Sociology of Deviant Behavior,3,NULL
754,B357,Sociology of Education,Sociology of Education,3,NULL
755,B349,Sociology of Food,Sociology of Food,3,NULL
756,B307,Sociology of Religion,Sociology of Religion,3,NULL
757,B370,Sociology of Sport,Sociology of Sport,3,NULL
758,B356,Sociology of the Body,Sociology of the Body,3,NULL
759,B305,Sociology of the Family,Sociology of the Family,3,NULL
760,B104,Software Design & Development,Comptr Programming Techniques,3,NULL
761,B570,Software Sys Design & Implemen,Software Sys Design & Implemen,3,NULL
762,B470,Software System Process,Software System Process,3,NULL
763,B470,Software Testing and Verificat,Software Testing and Verificat,3,NULL
764,B427,Southern Literature,Southern Literature,3,NULL
765,B401,Spanish American Civilz I,Spanish American Civilz I,3,NULL
766,B403,Spanish American Civilz II,Spanish American Civilz II,3,NULL
767,B400,Spanish Civilization I,Spanish Civilization I,3,NULL
768,B402,Spanish Civilization II,Spanish Civilization II,3,NULL
769,B599,Special Topics in Education,Special Topics in Education,1,3
770,B498,Special Topics in Hospitality,Special Topics in Hospitality,1,6
771,B499,Special Topics in Pro Nursing,Special Topics in Pro Nursing,1,3
772,B499,Special Topics in PUBH,Special Topics in PUBH,1,4
773,B409,Special Topics in Security,Special Topics in Security,3,NULL
774,B305,"Spirituality, Health & Profess","Spirituality, Health & Profess",3,NULL
775,B320,Sport Law,Sport Law,3,NULL
776,B229,Sport Psychology,Sport Psychology,3,NULL
777,B325,Sports & The Humanities,Sports & The Humanities,3,NULL
778,B402,Sports Broadcasting,Sports Broadcasting,3,NULL
779,B474,Sports Marketing,Sports Marketing,3,NULL
780,B320,Sports Nutrition,Sports Nutrition,3,NULL
781,B325,Sports Nutrition,Sports Nutrition,3,NULL
782,B148,Stand Up Paddle Boarding,Stand Up Paddle Boarding,1,NULL
783,B200,Statics,Statics,3,NULL
784,B201,Statistics Lab in Psychology,Statistics Lab in Psychology,1,NULL
785,B345,Storytelling in Contexts,Storytelling in Contexts,3,NULL
786,B478,Strategic Management,Strategic Management,3,NULL
787,B306,Strategic Social Media,Strategic Social Media,3,NULL
788,B101,Studio Arts for Non Majors,Studio Arts for Non Majors,3,NULL
789,B401,Study Abroad - USCB Exchange,Study Abroad - USCB Exchange,0,16
790,B335,Survey of Federal Taxation,Survey of Federal Taxation,3,NULL
791,B550,Systems Modeling & Simulation,Systems Modeling & Simulation,3,NULL
792,B432,Tching Science Elementary Schs,Tching Science Elementary Schs,3,NULL
793,B443,Tching Social Studies in Elem,Tching Social Studies in Elem,3,NULL
794,B431,Teach Math in Elementary Schls,Teach Math in Elementary Schls,3,NULL
795,B201,Teacher Cadet II,Teacher Cadet II,3,NULL
796,B430,Teaching Math in Secondary Sch,Teaching Math in Secondary Sch,3,NULL
797,B438,Teaching Soc Stu in Early Chil,Teaching Soc Stu in Early Chil,3,NULL
798,B462,Technical Writing,Technical Writing,3,NULL
799,B350,Techniques of Computation,Intro to Data Structures & Alg,3,NULL
800,B405,Television Studio Prod II,Television Studio Prod II,3,NULL
801,B305,Television Studio Production I,Television Studio Production I,3,NULL
802,B121,Tennis I,Tennis I,1,NULL
803,B425A,The American Novel to 1914,The American Novel to 1914,3,NULL
804,B415,The English Novel,The English Novel,3,NULL
805,B300,The Historian's Craft,The Historian's Craft,3,NULL
806,B320,The History of Great Britain,The History of Great Britain,3,NULL
807,B303,The International Economy,The International Economy,3,NULL
808,B443,The New South,The New South,3,NULL
809,B442,The Old South,The Old South,3,NULL
810,B101,The Student in the University,The Student in the University,3,NULL
811,B470,The Teaching of Writing,The Teaching of Writing,3,NULL
812,B382,Theater for Young Audiences,Theater for Young Audiences,3,NULL
813,B301,Theater History I,Theater History I,3,NULL
814,B302,Theater History II,Theater History II,3,NULL
815,B302,Theatre History II,Theatre History II,3,NULL
816,B220,Theatre Laboratory,Theatre Laboratory,1,NULL
817,B250,Theories of Communication,Theories of Communication,3,NULL
818,B250,Theories of Human Comm,Theories of Communication,3,NULL
819,B210,Time-Based Media 1,Digital Animation 1,3,NULL
820,B310,Time-Based Media 2,Digital Animation 2,3,NULL
821,B331,Topic Cultural Historiography,Topic Cultural Historiography,3,NULL
822,B398,Topics (taught in English),Selected Topics,3,NULL
823,B398,Topics (taught in Spanish),Selected Topics,3,NULL
824,B429,Topics in American Literature,Topics in American Literature,3,NULL
825,B499,Topics in Biology,Topics in Biology,1,3
826,B397,Topics in Business,Topics in Business,1,3
827,B398,Topics in Comm Studies,Topics in Communications Studi,3,NULL
828,B398,Topics in Communications Studi,Topics in Communications Studi,3,NULL
829,B515,Topics in Computational Sci,Topics in Computational Sci,3,NULL
830,B209,Topics in Computer Programming,Topics in Computer Programming,1,3
831,B419,Topics in English Literature,Topics in English Literature,3,NULL
832,B295,Topics in French Culture,Topics in French Culture,3,NULL
833,B492,Topics in History,Topics in History,3,NULL
834,B398,Topics in Philosophy,Topics in Philosophy,3,NULL
835,B400,Topics in Political Theory,Topics in Political Theory,3,NULL
836,B499,Topics in Religious Studies,Topics in Religious Studies,3,NULL
837,B398,Topics in Sociology,Topics in Sociology,3,NULL
838,B395,Topics in Studio Art,Topics in Studio Art,3,NULL
839,B439,Topics in Theater & Performanc,Topics in Theater & Performanc,3,NULL
840,B375,TopicsHispanic Cults and Lit,TopicsHispanic Cults and Lit,3,NULL
841,B460,Topology,Topology,3,NULL
842,B280,Tourism,Tourism,3,NULL
843,B420,Transatlantic Literature,Transatlantic Literature,3,NULL
844,B300,Transcultural Health,Transcultural Health,3,NULL
845,B330,Transcultural Health,Transcultural Health Practices,3,NULL
846,B330,Transcultural Health Practices,Transcultural Health Practices,3,NULL
847,B413,Trauma & Recovery,Trauma & Recovery,3,NULL
848,B420,Trends and Issues in Nursing,Trends and Issues in Nursing,3,NULL
849,B402,Tudor Literature,Tudor Literature,3,NULL
850,B200,Understand and Appreciate Thea,Understand and Appreciate Thea,3,NULL
851,B102,Understand Other Cultures,Understand Other Cultures,3,NULL
852,B129,University Chorus,University Chorus,1,NULL
853,B430,US Constitutional History,US Constitutional History,3,NULL
854,B412,Victorian Literature,Victorian Literature,3,NULL
855,B281,Video Game Design 1,Video Game Design 1,3,NULL
856,B381,Video Game Design 2,Video Game Design 2,3,NULL
857,B350,Wedding and Special Event Mgmt,Wedding and Special Event Mgmt,3,NULL
858,B290,Weekly Seminar in Science,Weekly Seminar in Science,1,NULL
859,B105,Weight Training,Weight Training,1,NULL
860,B106,Weight Training II,Weight Training II,1,NULL
861,B102,Well-Being in the University,Well-Being in the University,1,NULL
862,B370,Wellness in Health Promotion,Wellness in Health Promotion,3,NULL
863,B315,Wellness Trends in Hospitality,Wellness Trends in Hospitality,3,NULL
864,B437,Women Writers,Women Writers,3,NULL
865,B356,Women's Health Nursing,Care of Childbearing Families,3,NULL
866,B301,Women's History,Women's History,3,NULL
867,B403,Working with Older Adults,Working with Older Adults,3,NULL
868,B463,Workplace Writing,Workplace Writing,3,NULL
869,B100,Workshop for Non-Majors,Workshop for Non-Majors,3,NULL
870,B116,World History 1500 to Present,World History 1500 to Present,3,NULL
871,B115,World History to 1500,World History to 1500,3,NULL
872,B270,World Literature,World Literatures,3,NULL
873,B270,World Literatures,World Literatures,3,NULL
874,B302,World of the Ancient Greeks,World of the Ancient Greeks,3,NULL
875,B303,World of the Ancient Romans,World of the Ancient Romans,3,NULL
876,B121,World Regional Geography,World Regional Geography,3,NULL
877,B315,Wrd Pop: Problems and Policies,Wrd Pop: Problems and Policies,3,NULL
878,B210,Writing Across Media Platforms,Writing Across Media Platforms,3,NULL
879,B626,Writing Across the Curriculum,Writing Across the Curriculum,3,NULL
880,B215,Writing Center Practicum,Writing Center Practicum,1,NULL
881,B461,Writing in Health Professions,Writing in Health Professions,3,NULL
882,B461,Writing in the Health Professi,Writing in the Health Professi,3,NULL
883,B466,Writing Internship,Writing Internship,1,6
884,B110,Writing Praxis Core,Writing Praxis Core,1,NULL
885,B320,Yoga Disciplines & Practice,Yoga Disciplines & Practice,3,NULL
886,B136,Yoga I,Yoga I,1,NULL
